,count,mean,std,min,1%,5%,50%,95%,99%,max
Band_1,215604.0,0.0956006832572293,0.16429114879019668,-0.0120000001043081,0.0121999997645617,0.0149999996647239,0.0377999991178513,0.448000013828278,0.893800020217896,1.5809999704361
Band_2,215604.0,0.09433530828949409,0.1638330717030759,-0.0126000000163913,0.010499999858439,0.0131000000983477,0.0368000008165836,0.44488500356673977,0.8895969802141195,1.57410001754761
Band_3,215604.0,0.09562069864052691,0.16506695870548777,-0.0119000002741814,0.009800000116229,0.0124000003561378,0.0377000011503697,0.447400003671646,0.8964969909191132,1.5871000289917
Band_4,215604.0,0.09908149064979922,0.16680728653984916,-0.0087999999523162,0.0120000001043081,0.0148000000044703,0.0406000018119812,0.459199994802475,0.903199970722198,1.59590005874634
Band_5,215604.0,0.10049192506542041,0.16741444820173074,-0.0093000000342726,0.0124000003561378,0.0152000002563,0.0416000001132488,0.46178500652312976,0.906000018119812,1.603600025177
Band_6,215604.0,0.10125212338334919,0.16721607526371784,-0.0089999996125698,0.0129000004380941,0.015599999576807,0.0421999990940094,0.46258499473333115,0.904900014400482,1.605299949646
Band_7,215604.0,0.10276448169085411,0.16793856843881114,-0.0076999999582767,0.0136000001803041,0.0163000002503395,0.0434000007808208,0.46538500785827375,0.908900022506714,1.60950005054474
Band_8,215604.0,0.10447641606868253,0.16814099531585258,-0.0074999998323619,0.0141000002622604,0.0168999992311001,0.0452999994158745,0.467400014400482,0.91049998998642,1.61380004882813
Band_9,215604.0,0.10532949580274367,0.16800490170387936,-0.0065999999642372,0.0144999995827675,0.0173000004142523,0.0461999997496605,0.468199998140335,0.909200012683868,1.6088000535965
Band_10,215604.0,0.10727165779837743,0.16894816733613024,-0.0052999998442828,0.0152000002563,0.0179999992251396,0.0478999987244606,0.471799999475479,0.914600014686584,1.6085000038147
Band_11,215604.0,0.10827022831624047,0.16924336555974126,-0.0027999999001622,0.0153999999165535,0.0182000007480383,0.0489999987185001,0.473684988915918,0.915600001811981,1.6055999994278
Band_12,215604.0,0.10854624686501128,0.16909704087398217,-0.0041000000201165,0.0153999999165535,0.0182000007480383,0.0491999983787537,0.473600000143051,0.9143969827890395,1.60109996795654
Band_13,215604.0,0.10905521330063085,0.16908478859099066,-0.0040000001899898,0.0153000000864267,0.0181000009179115,0.0498000010848045,0.474400013685226,0.9139939755201345,1.5974999666214
Band_14,215604.0,0.11046386619919238,0.16992935294160136,-0.0031999999191612,0.0153000000864267,0.0182000007480383,0.05104999989271165,0.477984987199304,0.918099999427795,1.59360003471375
Band_15,215604.0,0.11192023620561228,0.17141739944248127,-0.0003000000142492,0.0147000001743436,0.0175999999046326,0.0524000003933907,0.483900010585785,0.9238910084962847,1.59790003299713
Band_16,215604.0,0.11188869043188374,0.1709605289952443,-0.0028999999631196,0.0148999998345971,0.0176999997347593,0.0520999990403652,0.481799989938736,0.920799970626831,1.58700001239777
Band_17,215604.0,0.11239841798056222,0.17080308776430247,-0.0019000000320375,0.0148999998345971,0.0176999997347593,0.0527999997138977,0.482400000095367,0.919285019040108,1.58430004119873
Band_18,215604.0,0.11430694659717532,0.17169166018495025,-0.0007999999797903,0.0153000000864267,0.0182000007480383,0.0546999983489513,0.48759999871254,0.9230969941616062,1.58560001850128
Band_19,215604.0,0.11496235881896487,0.17126674790333551,-0.0010999999940395,0.0159000009298325,0.0188999995589256,0.0553000010550022,0.48748500943183676,0.9212969934940342,1.57879996299744
Band_20,215604.0,0.11720070968878746,0.17140523306666058,-0.0006999999750405,0.017400000244379,0.0207000002264977,0.0575999990105629,0.490399986505508,0.92330002784729,1.58120000362396
Band_21,215604.0,0.1209974379210203,0.17201941455537667,0.00089999998454,0.0194000005722046,0.023199999704957,0.0617000013589859,0.497200012207031,0.929199993610382,1.59099996089935
Band_22,215604.0,0.12374547043840282,0.17158826579731346,0.0027999999001622,0.0217000003904104,0.0260000005364418,0.0645999982953072,0.498699992895126,0.931100010871887,1.59549999237061
Band_23,215604.0,0.12630498092037437,0.16982102914807448,0.001700000022538,0.0243999995291233,0.0292000006884336,0.0681999996304512,0.497084997594354,0.92629998922348,1.58640003204346
Band_24,215604.0,0.12980626525338648,0.1692784837339584,0.0020999999251216,0.0267999991774559,0.0320000015199184,0.0725999996066093,0.5001849800348255,0.9271970188617711,1.57910001277924
Band_25,215604.0,0.13292933437896226,0.16934620984022736,0.0043999999761581,0.0285000000149012,0.0342000015079975,0.0763000026345253,0.5040850222110728,0.9301969820261005,1.58539998531342
Band_26,215604.0,0.13588935461688412,0.1696717794140895,0.0035999999381601,0.029899999499321,0.0359999984502792,0.0795999988913536,0.508800029754639,0.933300018310547,1.58440005779266
Band_27,215604.0,0.13738474195916514,0.1692659163361673,0.0035000001080334,0.030799999833107,0.0370000004768372,0.0815000012516975,0.509999990463257,0.932399988174438,1.58239996433258
Band_28,215604.0,0.1389439644629932,0.1690403692063484,0.0043000001460313,0.0313999988138676,0.0379000008106232,0.0833000019192696,0.511699974536896,0.930400013923645,1.58060002326965
Band_29,215604.0,0.14005493966074872,0.16903382809699627,0.0043999999761581,0.031700000166893,0.0383000001311302,0.0844999998807907,0.513899981975555,0.9305939882993696,1.57850003242493
Band_30,215604.0,0.1404979105561031,0.16959257968642158,0.0043999999761581,0.0313999988138676,0.0377999991178513,0.0847999975085259,0.515900015830994,0.931699991226196,1.57140004634857
Band_31,215604.0,0.14021522749649926,0.17047773596653842,0.0052000000141561,0.0304000005125999,0.0366000011563301,0.0839999988675118,0.518499970436096,0.9332970178127291,1.57469999790192
Band_32,215604.0,0.13917371528513606,0.17145304219491037,0.0052999998442828,0.0285999998450279,0.0346000008285046,0.0822999998927116,0.52020001411438,0.9331970012187961,1.57309997081757
Band_33,215604.0,0.13762777735255094,0.171741768124495,0.0054999999701976,0.0269000008702278,0.0324999988079071,0.0804999992251396,0.5199849873781184,0.930499970912933,1.57169997692108
Band_34,215604.0,0.1376053148945883,0.17300792967938286,0.0048000002279877,0.025900000706315,0.031199999153614,0.0798999965190888,0.523299992084503,0.9339970147609711,1.57019996643066
Band_35,215604.0,0.13661235695937274,0.172624607562491,0.0027000000700354,0.0247000008821487,0.029899999499321,0.0791999995708466,0.5225849926471687,0.928699970245361,1.5673999786377
Band_36,215604.0,0.1362394714718391,0.17271270875471031,0.003000000026077,0.024100000038743,0.0291000008583069,0.0789000019431114,0.5223850190639475,0.9280939906835556,1.56420004367828
Band_37,215604.0,0.13705669521089342,0.1733526665807839,0.0013999999500811,0.0240000002086163,0.028999999165535,0.0795999988913536,0.524800002574921,0.9303970134258271,1.56550002098084
Band_38,215604.0,0.13727502973191777,0.17368963267399895,0.0005000000237487,0.0236000008881092,0.0285000000149012,0.0798999965190888,0.526400029659271,0.930400013923645,1.56410002708435
Band_39,215604.0,0.13665501524778056,0.173761115645771,9.99999974737875e-05,0.0225000008940697,0.0273000001907349,0.0794000029563904,0.526600003242493,0.9285970127582551,1.5628000497818
Band_40,215604.0,0.1355209398375443,0.1737019989956474,-9.99999974737875e-05,0.0212999992072582,0.025900000706315,0.0784000009298325,0.525300025939941,0.9255969917774202,1.55719995498657
Band_41,215604.0,0.13564417083015534,0.1742828858201276,0.0,0.0208000000566244,0.0252999998629093,0.0782999992370606,0.526799976825714,0.9269969874620434,1.55920004844666
Band_42,215604.0,0.13507209378287705,0.17354064696148744,0.0001999999949475,0.0201999992132187,0.0245999991893768,0.0782999992370606,0.5249849826097465,0.9216940015554436,1.55200004577637
Band_43,215604.0,0.1349406504841282,0.17305633546618723,-9.99999974737875e-05,0.0201999992132187,0.0247000008821487,0.0782999992370606,0.523400008678436,0.919000029563904,1.54499995708466
Band_44,215604.0,0.13488346278084778,0.17365529712746852,9.99999974737875e-05,0.0195000004023314,0.0239000003784895,0.0780000016093254,0.5250849902629827,0.9198969995975491,1.54820001125336
Band_45,215604.0,0.1335444597987985,0.17390708638472122,9.99999974737875e-05,0.0178999993950129,0.0221999995410442,0.0766000002622604,0.524500012397766,0.917599976062775,1.54069995880127
Band_46,215604.0,0.13169416109686025,0.17339376887332664,-9.99999974737875e-05,0.0164000000804663,0.0205000005662441,0.0746000036597252,0.521899998188019,0.911199986934662,1.53269994258881
Band_47,215604.0,0.13094499736335183,0.17351348735954572,-0.0003000000142492,0.0154999997466803,0.0193000007420778,0.0737999975681305,0.521799981594086,0.909300029277802,1.52980005741119
Band_48,215604.0,0.13023137745895766,0.1740711812874217,9.99999974737875e-05,0.0143999997526407,0.0181000009179115,0.0724999979138374,0.522199988365173,0.910399973392487,1.53020000457764
Band_49,215604.0,0.1294009457490364,0.17378568260979138,9.99999974737875e-05,0.0137999998405576,0.0173000004142523,0.0716999992728233,0.520099997520447,0.9083969986438751,1.52900004386902
Band_50,215604.0,0.12977786454844714,0.17344694704088398,0.0,0.0141000002622604,0.0175999999046326,0.0724999979138374,0.51910001039505,0.9078969770669935,1.52709996700287
Band_51,215604.0,0.13288899931327156,0.1730190920720094,9.99999974737875e-05,0.0159000009298325,0.0197999998927116,0.0772000029683113,0.5218849956989268,0.908599972724915,1.52569997310638
Band_52,215604.0,0.14021785638986453,0.1685911627529001,-0.0003000000142492,0.0216000005602837,0.0269000008702278,0.088699996471405,0.519599974155426,0.898500025272369,1.52409994602203
Band_53,215604.0,0.15522022367353372,0.16259518036382228,-0.0007999999797903,0.0348999984562397,0.0428999997675419,0.10809999704361,0.51910001039505,0.895699977874756,1.52260005474091
Band_54,215604.0,0.17309333967202328,0.15554438305778573,-0.0013999999500811,0.0505999997258186,0.0614000000059605,0.131699994206429,0.517599999904633,0.8919970190525062,1.52199995517731
Band_55,215604.0,0.19227526205099835,0.14882194978081087,-0.0019000000320375,0.0654999986290932,0.0797000005841255,0.157199993729591,0.5170849829912165,0.888000011444092,1.51960003376007
Band_56,215604.0,0.21203628597197663,0.1410041748151509,-0.0023000000510364,0.0822999998927116,0.100500002503395,0.179399996995926,0.51419997215271,0.8751909738779067,1.4974000453949
Band_57,215604.0,0.23303670755326586,0.13573656274055154,-0.0027999999001622,0.0986000001430512,0.121200002729893,0.201299995183945,0.514900028705597,0.869000017642975,1.48479998111725
Band_58,215604.0,0.2492533728435216,0.13197923650553542,-0.002600000007078,0.109700001776218,0.135499998927116,0.217899993062019,0.5118850052356697,0.860499978065491,1.4753999710083
Band_59,215604.0,0.26195276200959594,0.1302640368092317,-0.0027000000700354,0.117600001394749,0.145400002598763,0.230599999427795,0.513499975204468,0.85589998960495,1.46150004863739
Band_60,215604.0,0.26896860168909037,0.12806140515348624,-0.0028999999631196,0.1216000020504,0.151099994778633,0.238399997353554,0.5149849921464895,0.846599996089935,1.44879996776581
Band_61,215604.0,0.27732405610086264,0.1276624676702613,-0.0007999999797903,0.124300003051758,0.155699998140335,0.24779999256134,0.5236849963664988,0.8470970189571382,1.44490003585815
Band_62,215604.0,0.2627251242926584,0.12351686281327778,-0.0027999999001622,0.120200000703335,0.150800004601479,0.231700003147125,0.516099989414215,0.8111970221996311,1.38740003108978
Band_63,215604.0,0.27774702833923454,0.12457758549591139,-0.0012000000569969,0.125799998641014,0.156800001859665,0.248600006103516,0.530200004577637,0.816799998283386,1.39230000972748
Band_64,215604.0,0.2817522420724679,0.12329405723538897,-0.0020000000949949,0.128099992871284,0.159799993038178,0.2533999979496,0.531199991703033,0.8116969877481465,1.38139998912811
Band_65,215604.0,0.2825895243066359,0.12164368045868995,-0.0005000000237487,0.128499999642372,0.160500004887581,0.255100011825562,0.529600024223328,0.801500022411346,1.36510002613068
Band_66,215604.0,0.28440982815916416,0.1210734317212651,-0.0012000000569969,0.129399999976158,0.162000000476837,0.257499992847443,0.531300008296967,0.796800017356873,1.35189998149872
Band_67,215604.0,0.28556520332941027,0.12046933366622305,-0.0006999999750405,0.129800006747246,0.162699997425079,0.259099990129471,0.531199991703033,0.793099999427795,1.34350001811981
Band_68,215604.0,0.2888990639941418,0.12039988113476466,-0.0010000000474974,0.130700007081032,0.164299994707108,0.263099998235703,0.533200025558472,0.792900025844574,1.34159994125366
Band_69,215604.0,0.2895584261176213,0.12084607336355498,-0.00089999998454,0.131899997591972,0.165700003504753,0.262600004673004,0.538399994373322,0.794300019741058,1.34329998493195
Band_70,215604.0,0.29141575019608723,0.12085090733355537,-0.0012000000569969,0.1320029993355272,0.166199997067451,0.264800012111664,0.540000021457672,0.792500019073486,1.34010004997253
Band_71,215604.0,0.2917576167491861,0.11994834941897047,-0.0010000000474974,0.133200004696846,0.16779999434948,0.265399992465973,0.5382000207901,0.792100012302399,1.34189999103546
Band_72,215604.0,0.29370448322795595,0.11960805047705372,-0.0007999999797903,0.132699996232986,0.167199999094009,0.268400013446808,0.538299977779388,0.783900022506714,1.32840001583099
Band_73,215604.0,0.29360096656897167,0.11819987400141868,9.99999974737875e-05,0.133599996566772,0.168200001120567,0.268500000238419,0.536499977111816,0.778199970722199,1.31669998168945
Band_74,215604.0,0.2943869046654324,0.11679328853564044,-0.0010000000474974,0.133900001645088,0.168699994683266,0.269899994134903,0.535300016403198,0.766700029373169,1.29949998855591
Band_75,215604.0,0.29644488461843144,0.11488114936706369,-0.0003000000142492,0.135199993848801,0.170000001788139,0.273200005292892,0.533800005912781,0.75330001115799,1.27760004997253
Band_76,215604.0,0.2956431879418618,0.1106035581884787,-0.0006999999750405,0.135600000619888,0.171299993991852,0.274399995803833,0.52319997549057,0.72979998588562,1.2438999414444
Band_77,215604.0,0.2985479605902,0.1099288037771125,-9.99999974737875e-05,0.1371029962599282,0.172199994325638,0.277900010347366,0.526199996471405,0.7169970071315771,1.21410000324249
Band_78,215604.0,0.2948262611249672,0.10587304993009938,0.0005000000237487,0.136299997568131,0.171800002455711,0.275499999523163,0.513599991798401,0.6933970248699192,1.18069994449615
Band_79,215604.0,0.29696902190897817,0.10418150967587968,0.0003999999898951,0.137500002980232,0.174400001764297,0.278299987316132,0.512899994850159,0.67849999666214,1.14730000495911
Band_80,215604.0,0.29856584879988857,0.1022737246144173,0.0013666667509824,0.13936765700578657,0.176666662096977,0.280533313751221,0.5104900181293476,0.6693969780206684,1.13963329792023
Band_81,215604.0,0.2970208707201361,0.10061484382413684,0.0011333333095535,0.1381009982526307,0.175733342766762,0.279700011014938,0.50433337688446,0.65883332490921,1.12203335762024
Band_82,215604.0,0.29671159425073795,0.10004160455000859,0.0011333333095535,0.138166666030884,0.175733342766762,0.279666662216187,0.502499997615814,0.655066668987274,1.11673331260681
Band_83,215604.0,0.29376490140092393,0.09820148091825172,0.0008666667272336,0.137033343315125,0.174333333969116,0.277366667985916,0.495033353567123,0.645333349704742,1.10273325443268
Band_84,215604.0,0.29912989555322206,0.09878510896094365,0.0017333334544673,0.140799999237061,0.178333342075348,0.282766669988632,0.5013616770505899,0.64983332157135,1.11440002918243
Band_85,215604.0,0.2990950794501071,0.0974498018132043,0.0015333333285525,0.140300005674362,0.1785716645419597,0.283699989318848,0.496733337640762,0.6439989942312242,1.09846675395966
Band_86,215604.0,0.30244812202210525,0.09656099208437945,0.001700000022538,0.142766669392586,0.181199997663498,0.287733316421509,0.497966647148132,0.6364656245708464,1.08990001678467
Band_87,215604.0,0.29956067991397933,0.09455746784689183,0.0006666666595265,0.13996766671538372,0.179299995303154,0.285733312368393,0.49033334851265,0.6206323623657228,1.05099999904633
Band_88,215604.0,0.2996338796869524,0.09278020617336868,0.0008666667272336,0.141233339905739,0.180299997329712,0.286300003528595,0.48759999871254,0.605733335018158,1.02730000019073
Band_89,215604.0,0.29951051729470085,0.09205612735537731,0.0003666666743811,0.139366656541824,0.179800003767014,0.286766678094864,0.485466659069061,0.598399996757507,0.997200012207031
Band_90,215604.0,0.2984579825805923,0.08896945499191211,0.0012000000569969,0.14206765800714458,0.180933341383934,0.286866664886475,0.4762616589665402,0.5803323507308958,0.977333307266235
Band_91,215604.0,0.2923493665662251,0.08698160050012152,0.0001999999949475,0.137999996542931,0.176699995994568,0.281399995088577,0.4649950012564654,0.5657656347751615,0.952600002288818
Band_92,215604.0,0.2866660631378147,0.0838193889805195,0.0015000000130385,0.136600002646446,0.17399999499321,0.276633322238922,0.4509283348917954,0.5467990159988408,0.932099997997284
Band_93,215604.0,0.28529885087398127,0.08260670801097211,0.0015333333285525,0.13626666367054,0.17339999973774,0.275833338499069,0.4460949942469586,0.53846663236618,0.921400010585785
Band_94,215604.0,0.28350964717039884,0.08039562900365332,0.0049000000581145,0.137333333492279,0.173466667532921,0.274766683578491,0.4383616581559172,0.5247656261920925,0.899999976158142
Band_95,215604.0,0.2883833993694586,0.08042494603367957,0.004266666714102,0.14093433484435075,0.177166655659676,0.280099987983704,0.442299991846085,0.523699998855591,0.902266681194305
Band_96,215604.0,0.28332270324487796,0.07851481763246111,0.0077999997884035,0.138133332133293,0.174266666173935,0.275433331727982,0.432866662740707,0.5112656491994861,0.873433291912079
Band_97,215604.0,0.28824375058893403,0.07898961130675536,0.0058666667900979,0.140699997544289,0.177566662430763,0.280666679143906,0.437533348798752,0.512866675853729,0.872933328151703
Band_98,215604.0,0.2829387028839934,0.07698519481585846,0.0107000004500151,0.13823433384299275,0.174733340740204,0.275633335113525,0.427266657352448,0.500899970531464,0.84143328666687
Band_99,215604.0,0.2828406000469893,0.07602787248223453,0.0105333337560296,0.138233333826065,0.175300002098084,0.275866687297821,0.423166662454605,0.496499985456467,0.817333340644836
Band_100,215604.0,0.2832322554559309,0.07582564035339757,0.010499999858439,0.138133332133293,0.1756050072610377,0.276433318853378,0.421633362770081,0.4955323466658595,0.805333375930786
Band_101,215604.0,0.2894921205436469,0.07702798732608505,0.0059000002220273,0.141100004315376,0.179399996995926,0.283033311367035,0.426600009202957,0.5072656410932541,0.79833334684372
Band_102,215604.0,0.296471228260558,0.07903928242952228,0.0027999999001622,0.143199995160103,0.18299999833107,0.290300011634827,0.434300005435944,0.523400008678436,0.792100012302399
Band_103,215604.0,0.29935665244617327,0.07978834352222576,0.0031999999191612,0.143800005316734,0.18469999730587,0.29339998960495,0.436300009489059,0.5321969801187514,0.779399991035461
Band_104,215604.0,0.3035863114545866,0.08121368704297707,0.0035999999381601,0.144800007343292,0.18690000474453,0.297699987888336,0.441799998283386,0.5435970222949982,0.788399994373322
Band_105,215604.0,0.3083776887475599,0.08277779311459696,0.0035999999381601,0.14640000462532,0.189400002360344,0.30239999294281,0.449200004339218,0.554099977016449,0.797299981117249
Band_106,215604.0,0.31307901524058285,0.08431269844326988,0.0038000000640749,0.148499995470047,0.191899999976158,0.306800007820129,0.458200007677078,0.5626969748735424,0.802100002765656
Band_107,215604.0,0.31843131665455054,0.08626946182007447,0.0038999998942017,0.150700002908707,0.194600000977516,0.311699986457825,0.469900012016296,0.571300029754639,0.843999981880188
Band_108,215604.0,0.32386518664310576,0.08806226933888694,0.0046999999321997,0.153600007295609,0.197699993848801,0.316799998283386,0.482400000095367,0.578700006008148,0.879899978637695
Band_109,215604.0,0.3264393346302791,0.08859060716346688,0.0040000001899898,0.155000001192093,0.199200004339218,0.319499999284744,0.48728500604629277,0.5799939841032036,0.896799981594086
Band_110,215604.0,0.3281680914775965,0.08822003790043506,0.0043999999761581,0.156299993395805,0.200699999928474,0.321700006723404,0.486299991607666,0.578299999237061,0.888999998569489
Band_111,215604.0,0.32920832961385504,0.08714595312557218,0.0044999998062849,0.157000005245209,0.202099993824959,0.323599994182587,0.481400012969971,0.574199974536896,0.862100005149841
Band_112,215604.0,0.32121987718145883,0.08309584282553822,0.0038000000640749,0.154400005936623,0.198500007390976,0.316700011491776,0.461400002241135,0.55239999294281,0.799799978733063
Band_113,215604.0,0.3167228924411638,0.08060901920334061,0.003000000026077,0.152300000190735,0.196199998259544,0.31360000371933,0.449499994516373,0.5371969753503805,0.765900015830994
Band_114,215604.0,0.30545798728709816,0.07635614552020394,0.0035999999381601,0.14980300262570417,0.190099999308586,0.30349999666214,0.431400001049042,0.501699984073639,0.739300012588501
Band_115,215604.0,0.2890702087971953,0.0717318469578441,0.0041999998502433,0.143999993801117,0.179100006818771,0.288300007581711,0.406100004911423,0.45770001411438,0.709299981594086
Band_116,215604.0,0.28804673197289565,0.0725038639143289,0.0052000000141561,0.14300000667572,0.177200004458427,0.286700010299683,0.406300008296967,0.45660001039505,0.706900000572205
Band_117,215604.0,0.2845653610346365,0.07313549881868832,0.0054999999701976,0.140300005674362,0.174099996685982,0.281800001859665,0.404100000858307,0.453299999237061,0.700299978256226
Band_118,215604.0,0.282071133189061,0.07448717323139369,0.0051000001840293,0.137600004673004,0.170900002121925,0.279399991035461,0.403400003910065,0.451999992132187,0.697000026702881
Band_119,215604.0,0.28035874240194436,0.07597550191973991,0.0049000000581145,0.13510000705719,0.167999997735024,0.278499990701675,0.403200000524521,0.451499998569489,0.696600019931793
Band_120,215604.0,0.28093345716217955,0.07773330870026701,0.0052000000141561,0.133000001311302,0.166199997067451,0.279900014400482,0.405900001525879,0.453900009393692,0.699500024318695
Band_121,215604.0,0.28515262470383457,0.08005932995341247,0.0057000000961124,0.131999999284744,0.165800005197525,0.284599989652634,0.412999987602234,0.461699992418289,0.705900013446808
Band_122,215604.0,0.28992365449696395,0.08210266798951872,0.0049999998882412,0.131600007414818,0.165800005197525,0.289700001478195,0.420399993658066,0.46959999203682,0.71289998292923
Band_123,215604.0,0.29378333561757586,0.08362806444445836,0.0057999999262392,0.131400004029274,0.165900006890297,0.293799996376038,0.42629998922348,0.47589699476957376,0.722599983215332
Band_124,215604.0,0.2974220738007903,0.08426988700379183,0.0065999999642372,0.133300006389618,0.167999997735024,0.297500014305115,0.43079999089241,0.480199992656708,0.719500005245209
Band_125,215604.0,0.30155207280615276,0.08452941053131958,0.0086000002920627,0.1366030026972292,0.171700000762939,0.301699995994568,0.43529999256134,0.484600007534027,0.725199997425079
Band_126,215604.0,0.30234514200784546,0.08500522045378721,0.006000000052154,0.136500000953674,0.172099992632866,0.302500009536743,0.436599999666214,0.484899997711182,0.7257000207901
Band_127,215604.0,0.30173249938753766,0.08474144437632512,0.0065000001341104,0.136500000953674,0.171599999070168,0.302199989557266,0.4346850097179387,0.481799989938736,0.726100027561188
Band_128,215604.0,0.2981146375030595,0.08390030457100402,0.0063000000081956,0.135000005364418,0.168300002813339,0.299400001764298,0.428299993276596,0.474999994039536,0.723200023174286
Band_129,215604.0,0.29217578431188884,0.08287848211542011,0.0054000001400709,0.131699994206429,0.162699997425079,0.294699996709824,0.419099986553192,0.465900003910065,0.714699983596802
Band_130,215604.0,0.15349463369120633,0.07959068168970909,-0.0140000004321337,0.0120000001043081,0.046000000089407,0.14470000565052,0.287800014019012,0.333999991416931,0.594299972057343
Band_131,215604.0,0.15162305199591455,0.07704015956641895,-0.0078999996185302,0.0115000000223517,0.0467999987304211,0.143700003623962,0.28099998831749,0.325300008058548,0.567099988460541
Band_132,215604.0,0.15553809485267917,0.07729802014577612,-0.0027000000700354,0.0120999999344349,0.048200000077486,0.149399995803833,0.283699989318848,0.32719699591398277,0.568400025367737
Band_133,215604.0,0.16055788992227416,0.07738938946308153,0.0020000000949949,0.0141000002622604,0.0509999990463257,0.156200006604195,0.287400007247925,0.329600006341934,0.572099983692169
Band_134,215604.0,0.1657014420002873,0.07708203449225388,0.0060999998822808,0.0157999992370605,0.0546000003814697,0.163000002503395,0.290600001811981,0.332399994134903,0.568199992179871
Band_135,215604.0,0.17208722659174913,0.07797321531815923,0.0062000001780688,0.0165999997407198,0.05799999833107,0.170699998736382,0.297300010919571,0.339300006628037,0.57889997959137
Band_136,215604.0,0.17695134276125202,0.07827829031400771,0.0049000000581145,0.0172000005841255,0.060699999332428,0.177000001072884,0.301499992609024,0.34349998831749,0.580399990081787
Band_137,215604.0,0.1817381704338407,0.07865291727451543,0.0071000000461936,0.0182000007480383,0.0632999986410141,0.182899996638298,0.305999994277954,0.348199993371964,0.585600018501282
Band_138,215604.0,0.18692802129423214,0.0793053382475164,0.0062000001780688,0.0192000009119511,0.066200003027916,0.1891999989748,0.311199992895126,0.353899985551834,0.593400001525879
Band_139,215604.0,0.19162942432105823,0.07986394536068557,0.0076999999582767,0.0207000002264977,0.0688000023365021,0.194900006055832,0.3158999979496,0.35909701347351114,0.59799998998642
Band_140,215604.0,0.19543122483309064,0.08001657169045338,0.0071000000461936,0.0221999995410442,0.0710000023245812,0.199399992823601,0.319099992513657,0.362300008535385,0.603200018405914
Band_141,215604.0,0.20072688541924,0.08114809067713506,0.0081000002101063,0.0239000003784895,0.0737000033259392,0.205400004982948,0.325500011444092,0.369199991226196,0.611599981784821
Band_142,215604.0,0.20514042363576124,0.08194392953163752,0.0083999997004866,0.0253999996930361,0.0760999992489815,0.210299998521805,0.330599993467331,0.374900013208389,0.617699980735779
Band_143,215604.0,0.2099312744664315,0.082816570501875,0.0078999996185302,0.0266999993473291,0.0788000002503395,0.215499997138977,0.33610001206398,0.380699992179871,0.624400019645691
Band_144,215604.0,0.21355354029351778,0.08367121919472964,0.0074999998323619,0.02750299984589222,0.0806000009179115,0.219400003552437,0.340499997138977,0.385300010442734,0.63129997253418
Band_145,215604.0,0.21702108681943869,0.0844325426371876,0.0057000000961124,0.0285999998450279,0.0824000015854836,0.223199993371964,0.344799995422363,0.390199989080429,0.637700021266937
Band_146,215604.0,0.21924333267903218,0.08472776679594403,0.0059000002220273,0.0296999998390675,0.0838999971747398,0.225500002503395,0.347299993038178,0.39269698709249484,0.637799978256226
Band_147,215604.0,0.22167713354040247,0.0853420292906447,0.0091000003740191,0.0309999994933605,0.0851999968290329,0.228100001811981,0.350699990987778,0.396100014448166,0.641499996185303
Band_148,215604.0,0.2217597855289461,0.08548060326344709,0.0080000003799796,0.0320999994874001,0.0850000008940697,0.228100001811981,0.351099997758865,0.396699994802475,0.646399974822998
Band_149,215604.0,0.2229535584088423,0.08553941547046487,0.008500000461936,0.0337999984622002,0.0860000029206276,0.229300007224083,0.352400004863739,0.398099988698959,0.650799989700317
Band_150,215604.0,0.22046225720467194,0.08459328699398752,0.0089999996125698,0.0346999987959862,0.0851999968290329,0.226699993014336,0.348800003528595,0.39410001039505,0.64520001411438
Band_151,215604.0,0.21930713575259994,0.08431508911788121,0.008899999782443,0.0362000018358231,0.0847999975085259,0.225099995732307,0.34768500179052103,0.39329699724912676,0.644599974155426
Band_152,215604.0,0.21687491837784093,0.0836830010591328,0.0086000002920627,0.03740299984812738,0.0838000029325485,0.222299993038178,0.344799995422363,0.390300005674362,0.641200006008148
Band_153,215604.0,0.21446702010882743,0.08310993646509272,0.0071000000461936,0.0384999997913837,0.0825999975204468,0.219500005245209,0.342000007629395,0.387600004673004,0.64190000295639
Band_154,215604.0,0.21224387766541813,0.08261461891125048,0.0086000002920627,0.0392999984323978,0.0816000029444695,0.216600000858307,0.339700013399124,0.384999990463257,0.640200018882752
Band_155,215604.0,0.2113308737180526,0.0827917794019056,0.0062000001780688,0.0399000011384487,0.08101500049233454,0.215200006961823,0.33950001001358,0.3847969874739648,0.639699995517731
Band_156,215604.0,0.21059179514205947,0.08316980015895593,0.0054000001400709,0.0399999991059303,0.0802000015974045,0.213899999856949,0.340000003576279,0.3856969878077508,0.641099989414215
Band_157,215604.0,0.20816584524903098,0.08292202583305332,0.0089999996125698,0.0403999984264374,0.0790000036358833,0.210800006985664,0.337900012731552,0.383300006389618,0.64300000667572
Band_158,215604.0,0.08410474251358993,0.07509513623056734,-0.0912000015377998,-0.0137000000104308,-0.0040000001899898,0.0680999979376793,0.215200006961823,0.26010000705719,0.516200006008148
Band_159,215604.0,0.09473429114975397,0.06858262312119412,-0.0264999996870756,0.0052000000141561,0.0136000001803041,0.0797000005841255,0.215200006961823,0.257299989461899,0.516799986362457
Band_160,215604.0,0.08897392491646787,0.06524415991337869,-0.0315999984741211,0.002600000007078,0.0102000003680587,0.0759000033140183,0.202800005674362,0.241500005125999,0.435499995946884
Band_161,215604.0,0.11146272105063362,0.07289940073496054,-0.0024999999441206,0.0098999999463558,0.023700000718236,0.097000002861023,0.238600000739098,0.282499998807907,0.496899992227554
Band_162,215604.0,0.11815160344310852,0.07676371516586787,0.00179999996908,0.0094999996945262,0.0253999996930361,0.103299997746944,0.251899987459183,0.297600001096725,0.519599974155426
Band_163,215604.0,0.12534983536982766,0.07902618699456355,0.0023000000510364,0.0116999996826053,0.0293000005185604,0.110600002110004,0.262699991464615,0.309500008821487,0.544300019741058
Band_164,215604.0,0.12321405217715653,0.07790901421164431,0.0027999999001622,0.01070300044491892,0.0283000003546476,0.108900003135204,0.258199989795685,0.304100006818771,0.5314000248909
Band_165,215604.0,0.1139666574265582,0.0682180348400795,-0.0010999999940395,0.0132999997586012,0.0300999991595745,0.101300001144409,0.23199999332428,0.272300004959106,0.477200001478195
Band_166,215604.0,0.11670563396034579,0.07089784452433918,-0.0024000001139938,0.0111999996006489,0.0293000005185604,0.104099996387959,0.238900005817413,0.280600011348724,0.497299998998642
Band_167,215604.0,0.13000416925116073,0.07705842025470458,-0.0083999997004866,0.0131000000983477,0.0342000015079975,0.116599999368191,0.262600004673004,0.307599991559982,0.541499972343445
Band_168,215604.0,0.13223282409471915,0.07813933899938882,0.0,0.0122999995946884,0.0342999994754791,0.119000002741814,0.266099989414215,0.311199992895126,0.538699984550476
Band_169,215604.0,0.13428465105279758,0.07749043190794488,0.0032999999821186,0.0135000003501773,0.0364000014960766,0.121500000357628,0.266799986362457,0.310999989509583,0.542400002479553
Band_170,215604.0,0.1282831176897141,0.07381131868243844,0.0035999999381601,0.0127999996766448,0.0344999991357327,0.116200000047684,0.254299998283386,0.29659701347351114,0.517199993133545
Band_171,215604.0,0.12817276816369563,0.07198537942212678,0.0051000001840293,0.0137999998405576,0.0359999984502792,0.116700001060963,0.250900000333786,0.292499989271164,0.513899981975555
Band_172,215604.0,0.1283695205293207,0.07207492570935363,0.003000000026077,0.0135000003501773,0.035414999723434634,0.11710000038147,0.25110000371933,0.292899996042252,0.516799986362457
Band_173,215604.0,0.1331446926028321,0.07346977969285425,0.0037000000011175,0.0147000001743436,0.0377000011503697,0.121899999678135,0.258100003004074,0.300999999046326,0.532400012016296
Band_174,215604.0,0.1320348690445268,0.07259350971807632,0.0049000000581145,0.0142000000923872,0.0370999984443188,0.121200002729893,0.255299985408783,0.297500014305115,0.526799976825714
Band_175,215604.0,0.13312196714802377,0.0721039194080803,0.0054000001400709,0.0153000000864267,0.0381999984383583,0.122500002384186,0.255400002002716,0.297399997711182,0.525200009346008
Band_176,215604.0,0.13373068775974148,0.07201486850559571,-0.001300000003539,0.0152000002563,0.0381999984383583,0.123400002717972,0.25560000538826,0.297699987888336,0.52700001001358
Band_177,215604.0,0.1359755426852585,0.07192985507547096,0.0062000001780688,0.0166999995708466,0.0399999991059303,0.125900000333786,0.257600009441376,0.2998969957232478,0.52810001373291
Band_178,215604.0,0.1353855030791263,0.07152638917963383,0.0065000001341104,0.0166999995708466,0.0395000018179417,0.125499993562698,0.256199985742569,0.298000007867813,0.521700024604797
Band_179,215604.0,0.1380251720982271,0.07179235610649722,0.0077999997884035,0.0186999998986721,0.0412999987602234,0.128299996256828,0.259099990129471,0.300799995660782,0.526300013065338
Band_180,215604.0,0.13841118395204557,0.07211228988837719,0.0073000001721084,0.0187999997287989,0.0408999994397163,0.128800004720688,0.259799987077713,0.3018969997763638,0.525699973106384
Band_181,215604.0,0.14053749468290505,0.07195245441051921,0.0082000000402331,0.0204000007361174,0.0428000018000603,0.13120000064373,0.261500000953674,0.303600013256073,0.534099996089935
Band_182,215604.0,0.14084074370771166,0.07168927004869821,0.0071000000461936,0.0209999997168779,0.0428999997675419,0.131949998438358,0.261000007390976,0.302799999713898,0.527400016784668
Band_183,215604.0,0.1420465344206803,0.07098218035430193,0.0087000001221895,0.0225000008940697,0.0443999990820885,0.133699998259544,0.260600000619888,0.3018969997763638,0.527199983596802
Band_184,215604.0,0.14216255452245277,0.07073663185368156,0.0082000000402331,0.0227000005543232,0.0443999990820885,0.134200006723404,0.26010000705719,0.300900012254715,0.527499973773956
Band_185,215604.0,0.1434923188070052,0.07012464995327637,0.0087000001221895,0.024100000038743,0.0461000017821789,0.136000007390976,0.260199993848801,0.301099985837936,0.526799976825714
Band_186,215604.0,0.14325315024489765,0.06964253299593266,0.0082000000402331,0.0240000002086163,0.0458000004291534,0.136399999260902,0.25900000333786,0.299499988555908,0.524900019168854
Band_187,215604.0,0.14330464881063387,0.06832556982958031,0.0086000002920627,0.0254999995231628,0.0472999997437,0.136999994516373,0.256999999284744,0.296900004148483,0.52020001411438
Band_188,215604.0,0.1436261201319759,0.0687177841700446,0.0083999997004866,0.0254999995231628,0.04681499898433703,0.137500002980232,0.257699996232986,0.297600001096725,0.516099989414215
Band_189,215604.0,0.14480404494207888,0.06857816988128553,0.0094999996945262,0.0265999995172024,0.048200000077486,0.138799995183945,0.259099990129471,0.298799991607666,0.512499988079071
Band_190,215604.0,0.14392408630604503,0.06873632267261578,0.0073000001721084,0.0261000003665686,0.0472000017762184,0.137700006365776,0.258500009775162,0.298400014638901,0.513300001621246
Band_191,215604.0,0.14424088840164034,0.06861593797930103,0.0093000000342726,0.0276999995112419,0.0478999987244606,0.137799993157387,0.258799999952316,0.298700004816055,0.516099989414215
Band_192,215604.0,0.1403214008205098,0.06758924713748415,0.0086000002920627,0.0271000005304813,0.0456999987363815,0.1335499957203865,0.2533999979496,0.293300002813339,0.513999998569489
Band_193,215604.0,0.13683223875653966,0.06565583622150396,0.0089999996125698,0.0275999996811152,0.0450000017881393,0.129999995231628,0.246700003743172,0.285800009965897,0.501500010490418
Band_194,215604.0,0.1318064256885847,0.06406518787138284,0.0071999998763203,0.0263999998569489,0.0425000004470348,0.124799996614456,0.239199995994568,0.277200013399124,0.483200013637543
Band_195,215604.0,0.1297165015639552,0.06332400098394372,0.009800000116229,0.0272000003606081,0.0421000011265278,0.12219999730587,0.23589999973774,0.273999989032745,0.482699990272522
Band_196,215604.0,0.12620244524815522,0.06279930240752511,0.0074000000022351,0.0253999996930361,0.0397999994456768,0.118199996650219,0.231600001454353,0.268999993801117,0.48199999332428
Band_197,215604.0,0.12531486292564062,0.062424298119769066,0.0080000003799796,0.0255999993532896,0.0397999994456768,0.116999998688698,0.230199992656708,0.267899990081787,0.485700011253357
Band_198,215604.0,0.12172024918495282,0.06152068092781196,0.0076000001281499,0.023700000718236,0.0379000008106232,0.113200001418591,0.225099995732307,0.2622970139980321,0.475699990987778
Band_199,215604.0,0.11913860693622988,0.060055532602550366,0.0078999996185302,0.0234999991953373,0.0377000011503697,0.110399998724461,0.220400005578995,0.2567999958992,0.471500009298325
Band_200,215604.0,0.1149627024835974,0.059003421024057076,0.0063999998383224,0.0212999992072582,0.0351999998092651,0.106200002133846,0.214599996805191,0.25059700965881315,0.467299997806549
Band_201,215604.0,0.11456245341970062,0.05843354120575291,0.0074999998323619,0.0218000002205372,0.0359000004827976,0.105800002813339,0.213499993085861,0.24940000474453,0.463600009679794
Band_202,215604.0,0.1128664668013547,0.05789688466994975,0.0066999997943639,0.0197999998927116,0.0350000001490116,0.104500003159046,0.211099997162819,0.24669700369238895,0.453399986028671
Band_203,215604.0,0.11263523408693074,0.057468412623432184,0.0066999997943639,0.0199999995529652,0.0355000011622906,0.104400001466274,0.210400000214577,0.245399996638298,0.449999988079071
Band_204,215604.0,0.10904512767461348,0.05659301912450282,0.0063000000081956,0.0182000007480383,0.033500000834465,0.10080000013113,0.205400004982948,0.23989999294281,0.435400009155273
Band_205,215604.0,0.10879914893774119,0.055816781694287915,0.0065000001341104,0.0188999995589256,0.0346000008285046,0.100400000810623,0.204099997878075,0.238299995660782,0.429500013589859
Band_206,215604.0,0.10714848567763081,0.05622873455562501,0.0060999998822808,0.0171000007539988,0.0329000018537045,0.0984999984502792,0.203099995851517,0.237399995326996,0.430200010538101
Band_207,215604.0,0.1101234750109064,0.057802271795006535,0.0068999999202787,0.0178999993950129,0.0342000015079975,0.101099997758865,0.20890000462532,0.244200006127358,0.448900014162064
Band_208,215604.0,0.10906494733594348,0.05833109181093076,0.0065999999642372,0.0167999994009733,0.0329999998211861,0.0996999964118004,0.20890000462532,0.24449699625372895,0.441599994897842
Band_209,215604.0,0.11092903937492048,0.05920817150646116,0.0074000000022351,0.0175000000745058,0.0344999991357327,0.101099997758865,0.212699994444847,0.248799994587898,0.453700006008148
Band_210,215604.0,0.10843822381436749,0.05943126026565226,0.0057000000961124,0.016100000590086,0.032200001180172,0.0982000008225441,0.210700005292893,0.247099995613098,0.446599990129471
Band_211,215604.0,0.10856275304472933,0.05918202018924027,0.0068999999202787,0.0166999995708466,0.0329999998211861,0.0982000008225441,0.210600003600121,0.24719999730587,0.453599989414215
Band_212,215604.0,0.10538102637206906,0.059276789110597625,0.0035999999381601,0.0146000003442168,0.0300999991595745,0.0948999971151352,0.207499995827675,0.244000002741814,0.449000000953674
Band_213,215604.0,0.10577272968873949,0.05876355492610927,0.006800000090152,0.0156999994069338,0.031700000166893,0.0949999988079071,0.207300007343292,0.243699997663498,0.446700006723404
Band_214,215604.0,0.10042432287014207,0.05776500173059382,0.0024000001139938,0.0129000004380941,0.0278999991714954,0.089599996805191,0.200299993157387,0.236000001430511,0.429899990558624
Band_215,215604.0,0.09980625688994584,0.05694642269735509,0.0041000000201165,0.0140000004321337,0.0285999998450279,0.0890000015497208,0.198400005698204,0.233300000429153,0.435099989175797
Band_216,215604.0,0.09583370768204691,0.0572506249597612,0.0010999999940395,0.0109000001102686,0.0243999995291233,0.0851000025868416,0.19480000436306,0.229399994015694,0.43299999833107
Band_217,215604.0,0.0928503274961303,0.05499899092408334,9.99999974737875e-05,0.011400000192225,0.0244999993592501,0.0822999998927116,0.18809999525547,0.221599996089935,0.429100006818771
Band_218,215604.0,0.0868388750091473,0.05602444057406226,-0.0099999997764825,0.0065999999642372,0.0173000004142523,0.0759999975562096,0.183799996972084,0.217399999499321,0.411199986934662
